{
  "env": {
    "python": "3.13.11",
    "sqlite_lib": "3.51.0",
    "sqlite_module": "2.6.0",
    "os": "Darwin 25.5.0 (arm64)",
    "cpu": "Apple M3",
    "ram": "8 GB"
  },
  "load": {
    "tasks": 1000,
    "chat_messages": 5000,
    "db_size_mb": 1.33
  },
  "results": [
    {
      "endpoint": "list_tasks",
      "sla_ms": 200.0,
      "verdict": "PASS",
      "label": "list_tasks(limit=50)",
      "n": 100,
      "min_ms": 0.6422919977921993,
      "max_ms": 0.8493749919580296,
      "mean_ms": 0.7006541703594849,
      "p50_ms": 0.6952914991416037,
      "p95_ms": 0.7484208443202078,
      "p99_ms": 0.7984721811953932
    },
    {
      "endpoint": "get_task",
      "sla_ms": 100.0,
      "verdict": "PASS",
      "label": "get_task(random, with_history=True)",
      "n": 100,
      "min_ms": 0.5528339970624074,
      "max_ms": 1.3837080041412264,
      "mean_ms": 0.6226383289322257,
      "p50_ms": 0.6068545044399798,
      "p95_ms": 0.6837579981947783,
      "p99_ms": 0.7395892476779409
    },
    {
      "endpoint": "chat_recent",
      "sla_ms": 100.0,
      "verdict": "PASS",
      "label": "chat_recent(limit=50)",
      "n": 100,
      "min_ms": 0.317083002300933,
      "max_ms": 0.42391598981339484,
      "mean_ms": 0.34790336081641726,
      "p50_ms": 0.336353994498495,
      "p95_ms": 0.3968374941905495,
      "p99_ms": 0.4074582525936421
    }
  ],
  "extras": {
    "chat_post_plus_recent": {
      "label": "chat_post + chat_recent(limit=50)",
      "n": 100,
      "min_ms": 0.983083009487018,
      "max_ms": 1.4560830022674054,
      "mean_ms": 1.0741570394020528,
      "p50_ms": 1.0403960041003302,
      "p95_ms": 1.2919767395942472,
      "p99_ms": 1.3642199117748532
    }
  }
}